{
    "power": 9,
    "loss": 3.953114146562032e-17,
    "process_infidelity": 0.003801227900660731,
    "global_phase": 0.0,
    "zero_eigenphase": -501084.5555555552,
    "params": [
        1.784398336002326,
        3.7343287794727047,
        1.5584202183484237,
        5.068894975527158,
        4.745907473387575,
        1.812063189777085,
        4.42789691769643,
        1.2142903315795692,
        4.7026822737322505,
        1.161274166706157,
        6.174951401404165,
        1.5707963251184012,
        1.6713535873484062,
        5.014859200291873,
        1.4528557250393916,
        0.8445925954372839,
        4.370811665423652,
        1.2683261071536265,
        0.3850746787495538,
        0.7360575248852044,
        1.5689818110188298
    ],
    "ops": [
        [
            "Rz",
            [
                0
            ]
        ],
        [
            "Rz",
            [
                1
            ]
        ],
        [
            "Rz",
            [
                2
            ]
        ],
        [
            "U1q",
            [
                1
            ]
        ],
        [
            "Rz",
            [
                1
            ]
        ],
        [
            "RZZ",
            [
                1,
                2
            ]
        ],
        [
            "U1q",
            [
                1
            ]
        ],
        [
            "Rz",
            [
                2
            ]
        ],
        [
            "Rz",
            [
                1
            ]
        ],
        [
            "RZZ",
            [
                0,
                1
            ]
        ],
        [
            "Rz",
            [
                0
            ]
        ],
        [
            "U1q",
            [
                1
            ]
        ],
        [
            "Rz",
            [
                1
            ]
        ],
        [
            "RZZ",
            [
                1,
                2
            ]
        ],
        [
            "U1q",
            [
                1
            ]
        ],
        [
            "Rz",
            [
                2
            ]
        ],
        [
            "Rz",
            [
                1
            ]
        ]
    ],
    "unitary": [
        [
            [
                -1.0,
                -8.602798695633851e-09
            ],
            [
                0.0,
                0.0
            ],
            [
                4.0613369147626474e-11,
                -1.5948203544934273e-10
            ],
            [
                0.0,
                0.0
            ],
            [
                0.0,
                0.0
            ],
            [
                0.0,
                0.0
            ],
            [
                0.0,
                0.0
            ],
            [
                0.0,
                0.0
            ]
        ],
        [
            [
                0.0,
                0.0
            ],
            [
                -0.3090169815924859,
                0.9510565204484274
            ],
            [
                0.0,
                0.0
            ],
            [
                -5.147951309147835e-11,
                1.5085817882327961e-09
            ],
            [
                0.0,
                0.0
            ],
            [
                0.0,
                0.0
            ],
            [
                0.0,
                0.0
            ],
            [
                0.0,
                0.0
            ]
        ],
        [
            [
                -1.2659831064138078e-10,
                -1.0515159645593409e-10
            ],
            [
                0.0,
                0.0
            ],
            [
                -0.8090169920262922,
                0.5877852555251198
            ],
            [
                0.0,
                0.0
            ],
            [
                0.0,
                0.0
            ],
            [
                0.0,
                0.0
            ],
            [
                0.0,
                0.0
            ],
            [
                0.0,
                0.0
            ]
        ],
        [
            [
                0.0,
                0.0
            ],
            [
                5.14799394690778e-11,
                1.5085819114613715e-09
            ],
            [
                0.0,
                0.0
            ],
            [
                -0.3090169943470544,
                -0.9510565163042167
            ],
            [
                0.0,
                0.0
            ],
            [
                0.0,
                0.0
            ],
            [
                0.0,
                0.0
            ],
            [
                0.0,
                0.0
            ]
        ],
        [
            [
                0.0,
                0.0
            ],
            [
                0.0,
                0.0
            ],
            [
                0.0,
                0.0
            ],
            [
                0.0,
                0.0
            ],
            [
                -0.3090170051487657,
                0.9510565127945281
            ],
            [
                0.0,
                0.0
            ],
            [
                5.273688391933534e-11,
                9.824985292604033e-11
            ],
            [
                0.0,
                0.0
            ]
        ],
        [
            [
                0.0,
                0.0
            ],
            [
                0.0,
                0.0
            ],
            [
                0.0,
                0.0
            ],
            [
                0.0,
                0.0
            ],
            [
                0.0,
                0.0
            ],
            [
                -0.5000000017566338,
                -0.36327126191249703
            ],
            [
                0.0,
                0.0
            ],
            [
                -0.2429341340855251,
                0.7476743910339477
            ]
        ],
        [
            [
                0.0,
                0.0
            ],
            [
                0.0,
                0.0
            ],
            [
                0.0,
                0.0
            ],
            [
                0.0,
                0.0
            ],
            [
                -5.273684621166158e-11,
                9.824994336789873e-11
            ],
            [
                0.0,
                0.0
            ],
            [
                -0.3090169923941973,
                -0.9510565169387387
            ],
            [
                0.0,
                0.0
            ]
        ],
        [
            [
                0.0,
                0.0
            ],
            [
                0.0,
                0.0
            ],
            [
                0.0,
                0.0
            ],
            [
                0.0,
                0.0
            ],
            [
                0.0,
                0.0
            ],
            [
                -0.2429341341330013,
                0.7476743910185213
            ],
            [
                0.0,
                0.0
            ],
            [
                -0.6180339889424629,
                1.237824842625912e-10
            ]
        ]
    ]
}