{
    "power": 1,
    "loss": 4.007549433975061e-31,
    "process_infidelity": 0.003801346855888288,
    "global_phase": 0.0,
    "zero_eigenphase": -1.0,
    "params": [
        6.113998825707325,
        0.5774678903872845,
        0.002366522379226622,
        1.269374006243357,
        1.1397682926441883,
        0.977081323027324,
        1.2283022625961766,
        1.269374006243357,
        0.20355922467789583,
        6.164536741772381,
        0.38364469373232135,
        1.5707963267948966,
        6.138212523292868,
        1.2134473565378714,
        0.5872039184102174,
        0.7512028663148562,
        1.2873813780687242,
        1.2134473565378716,
        5.767380816383591,
        6.085308084848585,
        0.13562709697596145
    ],
    "ops": [
        [
            "Rz",
            [
                0
            ]
        ],
        [
            "Rz",
            [
                1
            ]
        ],
        [
            "Rz",
            [
                2
            ]
        ],
        [
            "U1q",
            [
                1
            ]
        ],
        [
            "Rz",
            [
                1
            ]
        ],
        [
            "RZZ",
            [
                1,
                2
            ]
        ],
        [
            "U1q",
            [
                1
            ]
        ],
        [
            "Rz",
            [
                2
            ]
        ],
        [
            "Rz",
            [
                1
            ]
        ],
        [
            "RZZ",
            [
                0,
                1
            ]
        ],
        [
            "Rz",
            [
                0
            ]
        ],
        [
            "U1q",
            [
                1
            ]
        ],
        [
            "Rz",
            [
                1
            ]
        ],
        [
            "RZZ",
            [
                1,
                2
            ]
        ],
        [
            "U1q",
            [
                1
            ]
        ],
        [
            "Rz",
            [
                2
            ]
        ],
        [
            "Rz",
            [
                1
            ]
        ]
    ],
    "unitary": [
        [
            [
                -1.0,
                -3.0531133177191805e-16
            ],
            [
                0.0,
                0.0
            ],
            [
                -1.12696038395656e-16,
                5.20292464391203e-17
            ],
            [
                0.0,
                0.0
            ],
            [
                0.0,
                0.0
            ],
            [
                0.0,
                0.0
            ],
            [
                0.0,
                0.0
            ],
            [
                0.0,
                0.0
            ]
        ],
        [
            [
                0.0,
                0.0
            ],
            [
                -0.30901699437494745,
                -0.9510565162951535
            ],
            [
                0.0,
                0.0
            ],
            [
                9.105478644253904e-17,
                -1.2790984776028864e-16
            ],
            [
                0.0,
                0.0
            ],
            [
                0.0,
                0.0
            ],
            [
                0.0,
                0.0
            ],
            [
                0.0,
                0.0
            ]
        ],
        [
            [
                -9.579702746373712e-17,
                -1.6124089326515463e-17
            ],
            [
                0.0,
                0.0
            ],
            [
                -0.8090169943749472,
                -0.5877852522924734
            ],
            [
                0.0,
                0.0
            ],
            [
                0.0,
                0.0
            ],
            [
                0.0,
                0.0
            ],
            [
                0.0,
                0.0
            ],
            [
                0.0,
                0.0
            ]
        ],
        [
            [
                0.0,
                0.0
            ],
            [
                1.621340211795517e-16,
                -1.438931889256654e-16
            ],
            [
                0.0,
                0.0
            ],
            [
                -0.3090169943749478,
                0.9510565162951536
            ],
            [
                0.0,
                0.0
            ],
            [
                0.0,
                0.0
            ],
            [
                0.0,
                0.0
            ],
            [
                0.0,
                0.0
            ]
        ],
        [
            [
                0.0,
                0.0
            ],
            [
                0.0,
                0.0
            ],
            [
                0.0,
                0.0
            ],
            [
                0.0,
                0.0
            ],
            [
                -0.30901699437494756,
                -0.9510565162951536
            ],
            [
                0.0,
                0.0
            ],
            [
                -1.632137143692286e-16,
                -1.0921552352186136e-16
            ],
            [
                0.0,
                0.0
            ]
        ],
        [
            [
                0.0,
                0.0
            ],
            [
                0.0,
                0.0
            ],
            [
                0.0,
                0.0
            ],
            [
                0.0,
                0.0
            ],
            [
                0.0,
                0.0
            ],
            [
                -0.4999999999999997,
                0.3632712640026807
            ],
            [
                0.0,
                0.0
            ],
            [
                -0.24293413587832308,
                -0.7476743906106105
            ]
        ],
        [
            [
                0.0,
                0.0
            ],
            [
                0.0,
                0.0
            ],
            [
                0.0,
                0.0
            ],
            [
                0.0,
                0.0
            ],
            [
                -4.552739322126952e-17,
                -6.395492388014432e-17
            ],
            [
                0.0,
                0.0
            ],
            [
                -0.30901699437494734,
                0.9510565162951536
            ],
            [
                0.0,
                0.0
            ]
        ],
        [
            [
                0.0,
                0.0
            ],
            [
                0.0,
                0.0
            ],
            [
                0.0,
                0.0
            ],
            [
                0.0,
                0.0
            ],
            [
                0.0,
                0.0
            ],
            [
                -0.24293413587832302,
                -0.7476743906106101
            ],
            [
                0.0,
                0.0
            ],
            [
                -0.6180339887498948,
                1.942890293094024e-16
            ]
        ]
    ]
}