{
    "power": 3,
    "loss": 6.150053311413314e-29,
    "process_infidelity": 0.003632576504555951,
    "global_phase": 0.0,
    "zero_eigenphase": 1.000000000000001,
    "params": [
        0.004259073689200102,
        2.4144043267079525,
        5.483637772818747,
        1.3030777948351726,
        6.223182009350231,
        1.7182613248415903,
        4.860277925257167,
        1.8385148587546147,
        0.2353506450898184,
        5.765951510915193,
        2.1207582073051037,
        0.55176529073289,
        0.07229416629587705,
        1.8755694453642386,
        0.3180467802708876,
        1.6310618471227207,
        4.724057259848325,
        1.2660232082255543,
        0.38998058006234054,
        5.638457805665861,
        1.610394750411136
    ],
    "ops": [
        [
            "Rz",
            [
                0
            ]
        ],
        [
            "Rz",
            [
                1
            ]
        ],
        [
            "Rz",
            [
                2
            ]
        ],
        [
            "U1q",
            [
                1
            ]
        ],
        [
            "Rz",
            [
                1
            ]
        ],
        [
            "RZZ",
            [
                1,
                2
            ]
        ],
        [
            "U1q",
            [
                1
            ]
        ],
        [
            "Rz",
            [
                2
            ]
        ],
        [
            "Rz",
            [
                1
            ]
        ],
        [
            "RZZ",
            [
                0,
                1
            ]
        ],
        [
            "Rz",
            [
                0
            ]
        ],
        [
            "U1q",
            [
                1
            ]
        ],
        [
            "Rz",
            [
                1
            ]
        ],
        [
            "RZZ",
            [
                1,
                2
            ]
        ],
        [
            "U1q",
            [
                1
            ]
        ],
        [
            "Rz",
            [
                2
            ]
        ],
        [
            "Rz",
            [
                1
            ]
        ]
    ],
    "unitary": [
        [
            [
                1.0000000000000002,
                1.021405182655144e-14
            ],
            [
                0.0,
                0.0
            ],
            [
                3.1796206514672583e-16,
                -1.5455556791107358e-15
            ],
            [
                0.0,
                0.0
            ],
            [
                0.0,
                0.0
            ],
            [
                0.0,
                0.0
            ],
            [
                0.0,
                0.0
            ],
            [
                0.0,
                0.0
            ]
        ],
        [
            [
                0.0,
                0.0
            ],
            [
                -0.1603574565909089,
                0.9870590084263936
            ],
            [
                0.0,
                0.0
            ],
            [
                5.462490021874624e-15,
                3.6378896054102366e-15
            ],
            [
                0.0,
                0.0
            ],
            [
                0.0,
                0.0
            ],
            [
                0.0,
                0.0
            ],
            [
                0.0,
                0.0
            ]
        ],
        [
            [
                1.6677608121994085e-15,
                4.065054590093969e-16
            ],
            [
                0.0,
                0.0
            ],
            [
                -0.30901699437494284,
                0.9510565162951551
            ],
            [
                0.0,
                0.0
            ],
            [
                0.0,
                0.0
            ],
            [
                0.0,
                0.0
            ],
            [
                0.0,
                0.0
            ],
            [
                0.0,
                0.0
            ]
        ],
        [
            [
                0.0,
                0.0
            ],
            [
                5.5092767033652326e-15,
                3.389469819097873e-15
            ],
            [
                0.0,
                0.0
            ],
            [
                -0.8090169943749497,
                0.5877852522924703
            ],
            [
                0.0,
                0.0
            ],
            [
                0.0,
                0.0
            ],
            [
                0.0,
                0.0
            ],
            [
                0.0,
                0.0
            ]
        ],
        [
            [
                0.0,
                0.0
            ],
            [
                0.0,
                0.0
            ],
            [
                0.0,
                0.0
            ],
            [
                0.0,
                0.0
            ],
            [
                0.8891957226704175,
                -0.45752701208194735
            ],
            [
                0.0,
                0.0
            ],
            [
                -7.943468068137267e-16,
                1.95197530780023e-15
            ],
            [
                0.0,
                0.0
            ]
        ],
        [
            [
                0.0,
                0.0
            ],
            [
                0.0,
                0.0
            ],
            [
                0.0,
                0.0
            ],
            [
                0.0,
                0.0
            ],
            [
                0.0,
                0.0
            ],
            [
                -0.6180339887498955,
                0.7265425280053635
            ],
            [
                0.0,
                0.0
            ],
            [
                0.24293413587831766,
                0.17650198121982996
            ]
        ],
        [
            [
                0.0,
                0.0
            ],
            [
                0.0,
                0.0
            ],
            [
                0.0,
                0.0
            ],
            [
                0.0,
                0.0
            ],
            [
                -1.85179587865307e-15,
                -2.764105881951797e-16
            ],
            [
                0.0,
                0.0
            ],
            [
                -0.80901699437495,
                0.58778525229247
            ],
            [
                0.0,
                0.0
            ]
        ],
        [
            [
                0.0,
                0.0
            ],
            [
                0.0,
                0.0
            ],
            [
                0.0,
                0.0
            ],
            [
                0.0,
                0.0
            ],
            [
                0.0,
                0.0
            ],
            [
                0.24293413587831791,
                0.17650198121982966
            ],
            [
                0.0,
                0.0
            ],
            [
                -0.4999999999999979,
                0.8122992405822698
            ]
        ]
    ]
}