{
    "power": 8,
    "loss": 1.446172966257204e-17,
    "process_infidelity": 0.003787955574682922,
    "global_phase": 0.0,
    "zero_eigenphase": 6431.749999999824,
    "params": [
        4.368510795846241,
        3.521600670761039,
        3.787785537362332,
        4.278991151293781,
        2.894307318917594,
        5.736565919527429,
        4.189220482575109,
        1.1373984973652114,
        3.395315760164264,
        3.4321290654064214,
        2.5196202357536635,
        1.2566370619635308,
        4.427948630006334,
        4.0705379433012965,
        5.286617474716735,
        0.5727178148517069,
        4.905166289922988,
        5.354240017423926,
        4.481316272857535,
        4.089818956507621,
        4.944486864904796
    ],
    "ops": [
        [
            "Rz",
            [
                0
            ]
        ],
        [
            "Rz",
            [
                1
            ]
        ],
        [
            "Rz",
            [
                2
            ]
        ],
        [
            "U1q",
            [
                1
            ]
        ],
        [
            "Rz",
            [
                1
            ]
        ],
        [
            "RZZ",
            [
                1,
                2
            ]
        ],
        [
            "U1q",
            [
                1
            ]
        ],
        [
            "Rz",
            [
                2
            ]
        ],
        [
            "Rz",
            [
                1
            ]
        ],
        [
            "RZZ",
            [
                0,
                1
            ]
        ],
        [
            "Rz",
            [
                0
            ]
        ],
        [
            "U1q",
            [
                1
            ]
        ],
        [
            "Rz",
            [
                1
            ]
        ],
        [
            "RZZ",
            [
                1,
                2
            ]
        ],
        [
            "U1q",
            [
                1
            ]
        ],
        [
            "Rz",
            [
                2
            ]
        ],
        [
            "Rz",
            [
                1
            ]
        ]
    ],
    "unitary": [
        [
            [
                0.9999999999999998,
                -4.449423496311056e-09
            ],
            [
                0.0,
                0.0
            ],
            [
                4.2871303007447416e-11,
                8.701413511335142e-11
            ],
            [
                0.0,
                0.0
            ],
            [
                0.0,
                0.0
            ],
            [
                0.0,
                0.0
            ],
            [
                0.0,
                0.0
            ],
            [
                0.0,
                0.0
            ]
        ],
        [
            [
                0.0,
                0.0
            ],
            [
                0.9999999999999998,
                1.1394486132410009e-08
            ],
            [
                0.0,
                0.0
            ],
            [
                9.407024950515266e-10,
                -3.8216284055213974e-10
            ],
            [
                0.0,
                0.0
            ],
            [
                0.0,
                0.0
            ],
            [
                0.0,
                0.0
            ],
            [
                0.0,
                0.0
            ]
        ],
        [
            [
                6.950737998393671e-11,
                6.766178949747193e-11
            ],
            [
                0.0,
                0.0
            ],
            [
                0.30901699655776577,
                -0.9510565155859126
            ],
            [
                0.0,
                0.0
            ],
            [
                0.0,
                0.0
            ],
            [
                0.0,
                0.0
            ],
            [
                0.0,
                0.0
            ],
            [
                0.0,
                0.0
            ]
        ],
        [
            [
                0.0,
                0.0
            ],
            [
                9.85674241177177e-10,
                -2.4375480467289464e-10
            ],
            [
                0.0,
                0.0
            ],
            [
                -0.8090169938797256,
                0.5877852529740877
            ],
            [
                0.0,
                0.0
            ],
            [
                0.0,
                0.0
            ],
            [
                0.0,
                0.0
            ],
            [
                0.0,
                0.0
            ]
        ],
        [
            [
                0.0,
                0.0
            ],
            [
                0.0,
                0.0
            ],
            [
                0.0,
                0.0
            ],
            [
                0.0,
                0.0
            ],
            [
                0.3090170031017307,
                0.9510565134596498
            ],
            [
                0.0,
                0.0
            ],
            [
                3.38733665048742e-10,
                -2.1274709002188738e-11
            ],
            [
                0.0,
                0.0
            ]
        ],
        [
            [
                0.0,
                0.0
            ],
            [
                0.0,
                0.0
            ],
            [
                0.0,
                0.0
            ],
            [
                0.0,
                0.0
            ],
            [
                0.0,
                0.0
            ],
            [
                -0.38196601050789303,
                -9.882600848776235e-10
            ],
            [
                0.0,
                0.0
            ],
            [
                0.543217242898342,
                -0.7476743902492633
            ]
        ],
        [
            [
                0.0,
                0.0
            ],
            [
                0.0,
                0.0
            ],
            [
                0.0,
                0.0
            ],
            [
                0.0,
                0.0
            ],
            [
                2.615362918768951e-10,
                2.1631421490193943e-10
            ],
            [
                0.0,
                0.0
            ],
            [
                -0.8090169935661069,
                0.5877852534057463
            ],
            [
                0.0,
                0.0
            ]
        ],
        [
            [
                0.0,
                0.0
            ],
            [
                0.0,
                0.0
            ],
            [
                0.0,
                0.0
            ],
            [
                0.0,
                0.0
            ],
            [
                0.0,
                0.0
            ],
            [
                0.5432172428311701,
                -0.747674390298066
            ],
            [
                0.0,
                0.0
            ],
            [
                -0.11803398867784479,
                -0.36327126324568293
            ]
        ]
    ]
}