{
    "power": 2,
    "loss": 7.610689667969941e-31,
    "process_infidelity": 0.003271805522333082,
    "global_phase": 0.0,
    "zero_eigenphase": -2.037855162187772e-16,
    "params": [
        2.092082062086321,
        1.0037863046985274,
        0.4281846018192521,
        2.045869596521337,
        6.115248944737707,
        1.4762802414286598,
        1.084461799655791,
        2.045869596521337,
        5.534398332232365,
        0.40909053314684196,
        6.214051297572579,
        1.256637061435917,
        1.6778291222214303,
        1.9568778945948029,
        1.6953531383176037,
        0.9686223456212558,
        1.0133647107157195,
        1.9568778945948029,
        0.5357475410647861,
        0.4193619264698243,
        0.8058039146666414
    ],
    "ops": [
        [
            "Rz",
            [
                0
            ]
        ],
        [
            "Rz",
            [
                1
            ]
        ],
        [
            "Rz",
            [
                2
            ]
        ],
        [
            "U1q",
            [
                1
            ]
        ],
        [
            "Rz",
            [
                1
            ]
        ],
        [
            "RZZ",
            [
                1,
                2
            ]
        ],
        [
            "U1q",
            [
                1
            ]
        ],
        [
            "Rz",
            [
                2
            ]
        ],
        [
            "Rz",
            [
                1
            ]
        ],
        [
            "RZZ",
            [
                0,
                1
            ]
        ],
        [
            "Rz",
            [
                0
            ]
        ],
        [
            "U1q",
            [
                1
            ]
        ],
        [
            "Rz",
            [
                1
            ]
        ],
        [
            "RZZ",
            [
                1,
                2
            ]
        ],
        [
            "U1q",
            [
                1
            ]
        ],
        [
            "Rz",
            [
                2
            ]
        ],
        [
            "Rz",
            [
                1
            ]
        ]
    ],
    "unitary": [
        [
            [
                -0.9999999999999998,
                8.881784197001252e-16
            ],
            [
                0.0,
                0.0
            ],
            [
                1.0679360422075882e-16,
                -4.112723816855602e-17
            ],
            [
                0.0,
                0.0
            ],
            [
                0.0,
                0.0
            ],
            [
                0.0,
                0.0
            ],
            [
                0.0,
                0.0
            ],
            [
                0.0,
                0.0
            ]
        ],
        [
            [
                0.0,
                0.0
            ],
            [
                -0.9999999999999999,
                -1.942890293094024e-15
            ],
            [
                0.0,
                0.0
            ],
            [
                6.086990821671596e-16,
                1.0715571423072958e-16
            ],
            [
                0.0,
                0.0
            ],
            [
                0.0,
                0.0
            ],
            [
                0.0,
                0.0
            ],
            [
                0.0,
                0.0
            ]
        ],
        [
            [
                -5.92046051264573e-18,
                -1.1428592113270735e-16
            ],
            [
                0.0,
                0.0
            ],
            [
                -0.3090169943749469,
                -0.9510565162951532
            ],
            [
                0.0,
                0.0
            ],
            [
                0.0,
                0.0
            ],
            [
                0.0,
                0.0
            ],
            [
                0.0,
                0.0
            ],
            [
                0.0,
                0.0
            ]
        ],
        [
            [
                0.0,
                0.0
            ],
            [
                3.7254781144159726e-16,
                1.9396729388210498e-16
            ],
            [
                0.0,
                0.0
            ],
            [
                0.8090169943749475,
                0.5877852522924727
            ],
            [
                0.0,
                0.0
            ],
            [
                0.0,
                0.0
            ],
            [
                0.0,
                0.0
            ],
            [
                0.0,
                0.0
            ]
        ],
        [
            [
                0.0,
                0.0
            ],
            [
                0.0,
                0.0
            ],
            [
                0.0,
                0.0
            ],
            [
                0.0,
                0.0
            ],
            [
                -0.30901699437494595,
                0.9510565162951539
            ],
            [
                0.0,
                0.0
            ],
            [
                -2.0929713146719371e-16,
                -5.645707575364478e-17
            ],
            [
                0.0,
                0.0
            ]
        ],
        [
            [
                0.0,
                0.0
            ],
            [
                0.0,
                0.0
            ],
            [
                0.0,
                0.0
            ],
            [
                0.0,
                0.0
            ],
            [
                0.0,
                0.0
            ],
            [
                0.38196601125010543,
                -1.942890293094024e-16
            ],
            [
                0.0,
                0.0
            ],
            [
                -0.5432172418790999,
                -0.74767439061061
            ]
        ],
        [
            [
                0.0,
                0.0
            ],
            [
                0.0,
                0.0
            ],
            [
                0.0,
                0.0
            ],
            [
                0.0,
                0.0
            ],
            [
                -1.4685464019891908e-16,
                2.7829876157431066e-17
            ],
            [
                0.0,
                0.0
            ],
            [
                0.8090169943749475,
                0.5877852522924727
            ],
            [
                0.0,
                0.0
            ]
        ],
        [
            [
                0.0,
                0.0
            ],
            [
                0.0,
                0.0
            ],
            [
                0.0,
                0.0
            ],
            [
                0.0,
                0.0
            ],
            [
                0.0,
                0.0
            ],
            [
                -0.5432172418791001,
                -0.7476743906106101
            ],
            [
                0.0,
                0.0
            ],
            [
                0.1180339887498954,
                -0.3632712640026806
            ]
        ]
    ]
}