{
    "power": 6,
    "loss": 3.648462762978839e-30,
    "process_infidelity": 0.003635176400246909,
    "global_phase": 0.0,
    "zero_eigenphase": -1.0075711697230595e-16,
    "params": [
        0.3231058751695687,
        1.0143793062492896,
        0.7563100879633913,
        5.060461875308376,
        1.9147744979655772,
        1.7903648519435162,
        1.5270021516372532,
        1.9188692217185834,
        2.090548847956553,
        1.2570683191633465,
        2.512970817383275,
        1.0867763573769063,
        6.1299401360690275,
        1.44389753540808,
        0.4938870729140574,
        1.9472529166829555,
        1.2429656666123259,
        4.5854901889978725,
        0.5425130026195453,
        0.33003501168608773,
        3.0410170160275865
    ],
    "ops": [
        [
            "Rz",
            [
                0
            ]
        ],
        [
            "Rz",
            [
                1
            ]
        ],
        [
            "Rz",
            [
                2
            ]
        ],
        [
            "U1q",
            [
                1
            ]
        ],
        [
            "Rz",
            [
                1
            ]
        ],
        [
            "RZZ",
            [
                1,
                2
            ]
        ],
        [
            "U1q",
            [
                1
            ]
        ],
        [
            "Rz",
            [
                2
            ]
        ],
        [
            "Rz",
            [
                1
            ]
        ],
        [
            "RZZ",
            [
                0,
                1
            ]
        ],
        [
            "Rz",
            [
                0
            ]
        ],
        [
            "U1q",
            [
                1
            ]
        ],
        [
            "Rz",
            [
                1
            ]
        ],
        [
            "RZZ",
            [
                1,
                2
            ]
        ],
        [
            "U1q",
            [
                1
            ]
        ],
        [
            "Rz",
            [
                2
            ]
        ],
        [
            "Rz",
            [
                1
            ]
        ]
    ],
    "unitary": [
        [
            [
                -0.9999999999999996,
                1.2420620087993939e-15
            ],
            [
                0.0,
                0.0
            ],
            [
                -8.692027926552678e-17,
                -2.6937622526665534e-16
            ],
            [
                0.0,
                0.0
            ],
            [
                0.0,
                0.0
            ],
            [
                0.0,
                0.0
            ],
            [
                0.0,
                0.0
            ],
            [
                0.0,
                0.0
            ]
        ],
        [
            [
                0.0,
                0.0
            ],
            [
                0.9586440883522483,
                0.28460764548284107
            ],
            [
                0.0,
                0.0
            ],
            [
                2.613918114550792e-16,
                -1.5592161886428184e-16
            ],
            [
                0.0,
                0.0
            ],
            [
                0.0,
                0.0
            ],
            [
                0.0,
                0.0
            ],
            [
                0.0,
                0.0
            ]
        ],
        [
            [
                -4.863794501257368e-16,
                2.7683819769200944e-16
            ],
            [
                0.0,
                0.0
            ],
            [
                0.809016994374947,
                0.5877852522924734
            ],
            [
                0.0,
                0.0
            ],
            [
                0.0,
                0.0
            ],
            [
                0.0,
                0.0
            ],
            [
                0.0,
                0.0
            ],
            [
                0.0,
                0.0
            ]
        ],
        [
            [
                0.0,
                0.0
            ],
            [
                1.4314341060693242e-16,
                -1.5114029161189263e-16
            ],
            [
                0.0,
                0.0
            ],
            [
                -0.3090169943749465,
                0.9510565162951538
            ],
            [
                0.0,
                0.0
            ],
            [
                0.0,
                0.0
            ],
            [
                0.0,
                0.0
            ],
            [
                0.0,
                0.0
            ]
        ],
        [
            [
                0.0,
                0.0
            ],
            [
                0.0,
                0.0
            ],
            [
                0.0,
                0.0
            ],
            [
                0.0,
                0.0
            ],
            [
                -0.6082711823295498,
                0.793729279255472
            ],
            [
                0.0,
                0.0
            ],
            [
                -1.3839915142401646e-17,
                3.64805165671277e-16
            ],
            [
                0.0,
                0.0
            ]
        ],
        [
            [
                0.0,
                0.0
            ],
            [
                0.0,
                0.0
            ],
            [
                0.0,
                0.0
            ],
            [
                0.0,
                0.0
            ],
            [
                0.0,
                0.0
            ],
            [
                0.11803398874989464,
                0.812299240582266
            ],
            [
                0.0,
                0.0
            ],
            [
                0.5432172418790996,
                -0.1765019812198341
            ]
        ],
        [
            [
                0.0,
                0.0
            ],
            [
                0.0,
                0.0
            ],
            [
                0.0,
                0.0
            ],
            [
                0.0,
                0.0
            ],
            [
                3.490962339914206e-16,
                3.730061465700559e-17
            ],
            [
                0.0,
                0.0
            ],
            [
                -0.30901699437494673,
                0.9510565162951534
            ],
            [
                0.0,
                0.0
            ]
        ],
        [
            [
                0.0,
                0.0
            ],
            [
                0.0,
                0.0
            ],
            [
                0.0,
                0.0
            ],
            [
                0.0,
                0.0
            ],
            [
                0.0,
                0.0
            ],
            [
                0.5432172418790999,
                -0.17650198121983426
            ],
            [
                0.0,
                0.0
            ],
            [
                0.3819660112501051,
                0.7265425280053609
            ]
        ]
    ]
}