{
    "power": 7,
    "loss": 4.662220493757552e-18,
    "process_infidelity": 0.0033986197450524003,
    "global_phase": 0.0,
    "zero_eigenphase": 0.7142857142700706,
    "params": [
        6.029664391382892,
        0.2894909759765098,
        0.6770624303794229,
        5.007622292078912,
        2.5123519075728846,
        6.06030132395869,
        1.4931290237087105,
        5.007622292027325,
        0.6410042922059723,
        0.7319807903353396,
        0.38564412639844264,
        0.551765290704361,
        0.17696767588522158,
        1.2778456263714364,
        2.1301790023939655,
        0.13769826566995855,
        1.484704508245479,
        5.005339680900787,
        3.7525817754266773,
        0.5524656113086445,
        0.27868150738772074
    ],
    "ops": [
        [
            "Rz",
            [
                0
            ]
        ],
        [
            "Rz",
            [
                1
            ]
        ],
        [
            "Rz",
            [
                2
            ]
        ],
        [
            "U1q",
            [
                1
            ]
        ],
        [
            "Rz",
            [
                1
            ]
        ],
        [
            "RZZ",
            [
                1,
                2
            ]
        ],
        [
            "U1q",
            [
                1
            ]
        ],
        [
            "Rz",
            [
                2
            ]
        ],
        [
            "Rz",
            [
                1
            ]
        ],
        [
            "RZZ",
            [
                0,
                1
            ]
        ],
        [
            "Rz",
            [
                0
            ]
        ],
        [
            "U1q",
            [
                1
            ]
        ],
        [
            "Rz",
            [
                1
            ]
        ],
        [
            "RZZ",
            [
                1,
                2
            ]
        ],
        [
            "U1q",
            [
                1
            ]
        ],
        [
            "Rz",
            [
                2
            ]
        ],
        [
            "Rz",
            [
                1
            ]
        ]
    ],
    "unitary": [
        [
            [
                1.0000000000000002,
                1.2155507711497648e-09
            ],
            [
                0.0,
                0.0
            ],
            [
                -1.0557888173524702e-09,
                -1.0403670374790751e-09
            ],
            [
                0.0,
                0.0
            ],
            [
                0.0,
                0.0
            ],
            [
                0.0,
                0.0
            ],
            [
                0.0,
                0.0
            ],
            [
                0.0,
                0.0
            ]
        ],
        [
            [
                0.0,
                0.0
            ],
            [
                -0.16035745765683423,
                -0.9870590082532236
            ],
            [
                0.0,
                0.0
            ],
            [
                -6.582684259161633e-10,
                6.168828738597209e-10
            ],
            [
                0.0,
                0.0
            ],
            [
                0.0,
                0.0
            ],
            [
                0.0,
                0.0
            ],
            [
                0.0,
                0.0
            ]
        ],
        [
            [
                -1.3157043343160696e-09,
                -6.826238180362136e-10
            ],
            [
                0.0,
                0.0
            ],
            [
                -0.3090169954911158,
                -0.9510565159324887
            ],
            [
                0.0,
                0.0
            ],
            [
                0.0,
                0.0
            ],
            [
                0.0,
                0.0
            ],
            [
                0.0,
                0.0
            ],
            [
                0.0,
                0.0
            ]
        ],
        [
            [
                0.0,
                0.0
            ],
            [
                -8.472700268364551e-10,
                3.0983143216096987e-10
            ],
            [
                0.0,
                0.0
            ],
            [
                -0.809016993851383,
                -0.5877852530130978
            ],
            [
                0.0,
                0.0
            ],
            [
                0.0,
                0.0
            ],
            [
                0.0,
                0.0
            ],
            [
                0.0,
                0.0
            ]
        ],
        [
            [
                0.0,
                0.0
            ],
            [
                0.0,
                0.0
            ],
            [
                0.0,
                0.0
            ],
            [
                0.0,
                0.0
            ],
            [
                0.8891957220936423,
                0.4575270132028999
            ],
            [
                0.0,
                0.0
            ],
            [
                -6.361861746373593e-10,
                -9.975935600735603e-10
            ],
            [
                0.0,
                0.0
            ]
        ],
        [
            [
                0.0,
                0.0
            ],
            [
                0.0,
                0.0
            ],
            [
                0.0,
                0.0
            ],
            [
                0.0,
                0.0
            ],
            [
                0.0,
                0.0
            ],
            [
                -0.618033989357574,
                -0.7265425277018287
            ],
            [
                0.0,
                0.0
            ],
            [
                0.2429341357347114,
                -0.17650198053911056
            ]
        ],
        [
            [
                0.0,
                0.0
            ],
            [
                0.0,
                0.0
            ],
            [
                0.0,
                0.0
            ],
            [
                0.0,
                0.0
            ],
            [
                -1.177222828190155e-09,
                -1.186259225306772e-10
            ],
            [
                0.0,
                0.0
            ],
            [
                -0.8090169950047501,
                -0.5877852514256244
            ],
            [
                0.0,
                0.0
            ]
        ],
        [
            [
                0.0,
                0.0
            ],
            [
                0.0,
                0.0
            ],
            [
                0.0,
                0.0
            ],
            [
                0.0,
                0.0
            ],
            [
                0.0,
                0.0
            ],
            [
                0.24293413517913454,
                -0.1765019813037966
            ],
            [
                0.0,
                0.0
            ],
            [
                -0.49999999955761054,
                -0.8122992410454349
            ]
        ]
    ]
}