{
    "power": 4,
    "loss": 3.0440464145835138e-18,
    "process_infidelity": 0.0039335503240702785,
    "global_phase": 0.9676380405321661,
    "zero_eigenphase": 0.30800875469406774,
    "params": [
        0.022336783355811452,
        5.018923200885862,
        0.7205344807083275,
        5.059476716857704,
        0.9549142718292872,
        5.714613480919112,
        1.622091675755497,
        1.223708590461057,
        2.0084341213411645,
        0.6884025934291275,
        0.8341141529256176,
        1.0867763566165753,
        6.090987820727624,
        1.2202382125214735,
        0.6681917650446233,
        0.9009458881075508,
        1.5604019312774595,
        1.2202382124322337,
        6.2711322381265004,
        0.5955587313633421,
        0.7544111929015721
    ],
    "ops": [
        [
            "Rz",
            [
                0
            ]
        ],
        [
            "Rz",
            [
                1
            ]
        ],
        [
            "Rz",
            [
                2
            ]
        ],
        [
            "U1q",
            [
                1
            ]
        ],
        [
            "Rz",
            [
                1
            ]
        ],
        [
            "RZZ",
            [
                1,
                2
            ]
        ],
        [
            "U1q",
            [
                1
            ]
        ],
        [
            "Rz",
            [
                2
            ]
        ],
        [
            "Rz",
            [
                1
            ]
        ],
        [
            "RZZ",
            [
                0,
                1
            ]
        ],
        [
            "Rz",
            [
                0
            ]
        ],
        [
            "U1q",
            [
                1
            ]
        ],
        [
            "Rz",
            [
                1
            ]
        ],
        [
            "RZZ",
            [
                1,
                2
            ]
        ],
        [
            "U1q",
            [
                1
            ]
        ],
        [
            "Rz",
            [
                2
            ]
        ],
        [
            "Rz",
            [
                1
            ]
        ]
    ],
    "unitary": [
        [
            [
                -0.9716512434952134,
                0.23641882542260786
            ],
            [
                0.0,
                0.0
            ],
            [
                -2.920842784419077e-11,
                -6.415335125301301e-11
            ],
            [
                0.0,
                0.0
            ],
            [
                0.0,
                0.0
            ],
            [
                0.0,
                0.0
            ],
            [
                0.0,
                0.0
            ],
            [
                0.0,
                0.0
            ]
        ],
        [
            [
                0.0,
                0.0
            ],
            [
                -0.3093991944605003,
                0.9509322470434964
            ],
            [
                0.0,
                0.0
            ],
            [
                5.009760948904746e-10,
                -2.5884313394138605e-10
            ],
            [
                0.0,
                0.0
            ],
            [
                0.0,
                0.0
            ],
            [
                0.0,
                0.0
            ],
            [
                0.0,
                0.0
            ]
        ],
        [
            [
                -6.955042545199727e-11,
                -1.1467299441604172e-11
            ],
            [
                0.0,
                0.0
            ],
            [
                0.0251575909604565,
                0.9996834977216871
            ],
            [
                0.0,
                0.0
            ],
            [
                0.0,
                0.0
            ],
            [
                0.0,
                0.0
            ],
            [
                0.0,
                0.0
            ],
            [
                0.0,
                0.0
            ]
        ],
        [
            [
                0.0,
                0.0
            ],
            [
                4.974531546002996e-10,
                -2.6555032856211634e-10
            ],
            [
                0.0,
                0.0
            ],
            [
                0.9585296275084358,
                0.2849929002423389
            ],
            [
                0.0,
                0.0
            ],
            [
                0.0,
                0.0
            ],
            [
                0.0,
                0.0
            ],
            [
                0.0,
                0.0
            ]
        ],
        [
            [
                0.0,
                0.0
            ],
            [
                0.0,
                0.0
            ],
            [
                0.0,
                0.0
            ],
            [
                0.0,
                0.0
            ],
            [
                -0.7786799944708535,
                -0.6274212828800692
            ],
            [
                0.0,
                0.0
            ],
            [
                4.41343719188664e-11,
                5.6290777712003076e-11
            ],
            [
                0.0,
                0.0
            ]
        ],
        [
            [
                0.0,
                0.0
            ],
            [
                0.0,
                0.0
            ],
            [
                0.0,
                0.0
            ],
            [
                0.0,
                0.0
            ],
            [
                0.0,
                0.0
            ],
            [
                0.6020132334420145,
                0.5579804164041058
            ],
            [
                0.0,
                0.0
            ],
            [
                -0.4534958589773773,
                0.3472454860189859
            ]
        ],
        [
            [
                0.0,
                0.0
            ],
            [
                0.0,
                0.0
            ],
            [
                0.0,
                0.0
            ],
            [
                0.0,
                0.0
            ],
            [
                7.139497566757334e-11,
                4.38752439121622e-12
            ],
            [
                0.0,
                0.0
            ],
            [
                0.9585296273941591,
                0.2849929006266894
            ],
            [
                0.0,
                0.0
            ]
        ],
        [
            [
                0.0,
                0.0
            ],
            [
                0.0,
                0.0
            ],
            [
                0.0,
                0.0
            ],
            [
                0.0,
                0.0
            ],
            [
                0.0,
                0.0
            ],
            [
                -0.4534958589746855,
                0.3472454860225015
            ],
            [
                0.0,
                0.0
            ],
            [
                0.38167398436285804,
                0.7266959804418832
            ]
        ]
    ]
}