{
    "power": 5,
    "loss": 1.1633020390718642e-24,
    "process_infidelity": 0.0034175034156104234,
    "global_phase": 0.0,
    "zero_eigenphase": 0.1999999999999032,
    "params": [
        0.9883339646672431,
        2.268851422299875,
        0.5267612022064855,
        2.3988657393531896,
        0.15527975968553745,
        0.8409496864788594,
        1.1526594630683944,
        0.7427269142365814,
        2.1488889092327783,
        0.6800848692899353,
        2.3197341866388057,
        1.5707963267959915,
        0.5824623621256303,
        0.9895043862011541,
        4.468623095875707,
        1.7232901408334407,
        0.8323165352915101,
        2.152088267388597,
        0.7410444648210495,
        0.36395025530099406,
        1.8577728529477715
    ],
    "ops": [
        [
            "Rz",
            [
                0
            ]
        ],
        [
            "Rz",
            [
                1
            ]
        ],
        [
            "Rz",
            [
                2
            ]
        ],
        [
            "U1q",
            [
                1
            ]
        ],
        [
            "Rz",
            [
                1
            ]
        ],
        [
            "RZZ",
            [
                1,
                2
            ]
        ],
        [
            "U1q",
            [
                1
            ]
        ],
        [
            "Rz",
            [
                2
            ]
        ],
        [
            "Rz",
            [
                1
            ]
        ],
        [
            "RZZ",
            [
                0,
                1
            ]
        ],
        [
            "Rz",
            [
                0
            ]
        ],
        [
            "U1q",
            [
                1
            ]
        ],
        [
            "Rz",
            [
                1
            ]
        ],
        [
            "RZZ",
            [
                1,
                2
            ]
        ],
        [
            "U1q",
            [
                1
            ]
        ],
        [
            "Rz",
            [
                2
            ]
        ],
        [
            "Rz",
            [
                1
            ]
        ]
    ],
    "unitary": [
        [
            [
                -1.0,
                9.853229343548264e-13
            ],
            [
                0.0,
                0.0
            ],
            [
                1.0241043605993303e-14,
                -1.3232783463781835e-14
            ],
            [
                0.0,
                0.0
            ],
            [
                0.0,
                0.0
            ],
            [
                0.0,
                0.0
            ],
            [
                0.0,
                0.0
            ],
            [
                0.0,
                0.0
            ]
        ],
        [
            [
                0.0,
                0.0
            ],
            [
                -1.0,
                -4.849454171562684e-12
            ],
            [
                0.0,
                0.0
            ],
            [
                -1.596779412969531e-14,
                2.586031075768886e-13
            ],
            [
                0.0,
                0.0
            ],
            [
                0.0,
                0.0
            ],
            [
                0.0,
                0.0
            ],
            [
                0.0,
                0.0
            ]
        ],
        [
            [
                1.0249937133663745e-14,
                1.3196681718273918e-14
            ],
            [
                0.0,
                0.0
            ],
            [
                1.0,
                4.898859096158503e-13
            ],
            [
                0.0,
                0.0
            ],
            [
                0.0,
                0.0
            ],
            [
                0.0,
                0.0
            ],
            [
                0.0,
                0.0
            ],
            [
                0.0,
                0.0
            ]
        ],
        [
            [
                0.0,
                0.0
            ],
            [
                1.5908591391087007e-14,
                2.5865401872401996e-13
            ],
            [
                0.0,
                0.0
            ],
            [
                -1.0,
                3.081424004847122e-13
            ],
            [
                0.0,
                0.0
            ],
            [
                0.0,
                0.0
            ],
            [
                0.0,
                0.0
            ],
            [
                0.0,
                0.0
            ]
        ],
        [
            [
                0.0,
                0.0
            ],
            [
                0.0,
                0.0
            ],
            [
                0.0,
                0.0
            ],
            [
                0.0,
                0.0
            ],
            [
                -1.0,
                4.1033842990145786e-12
            ],
            [
                0.0,
                0.0
            ],
            [
                4.253399103356254e-15,
                3.230702521524114e-14
            ],
            [
                0.0,
                0.0
            ]
        ],
        [
            [
                0.0,
                0.0
            ],
            [
                0.0,
                0.0
            ],
            [
                0.0,
                0.0
            ],
            [
                0.0,
                0.0
            ],
            [
                0.0,
                0.0
            ],
            [
                -0.23606797749976183,
                1.7635892746170612e-13
            ],
            [
                0.0,
                0.0
            ],
            [
                0.9717365435132981,
                2.4907853557465387e-13
            ]
        ],
        [
            [
                0.0,
                0.0
            ],
            [
                0.0,
                0.0
            ],
            [
                0.0,
                0.0
            ],
            [
                0.0,
                0.0
            ],
            [
                -4.239972119836578e-15,
                3.2197245912367046e-14
            ],
            [
                0.0,
                0.0
            ],
            [
                -1.0,
                4.3814951666831803e-13
            ],
            [
                0.0,
                0.0
            ]
        ],
        [
            [
                0.0,
                0.0
            ],
            [
                0.0,
                0.0
            ],
            [
                0.0,
                0.0
            ],
            [
                0.0,
                0.0
            ],
            [
                0.0,
                0.0
            ],
            [
                0.9717365435132981,
                2.320366121466577e-13
            ],
            [
                0.0,
                0.0
            ],
            [
                0.23606797749976183,
                2.932792897425429e-13
            ]
        ]
    ]
}